{"mean_dstart": -3.5442666857232146, "std_dstart": 1.2141038841375595, "mean_duration": -2.007398425617015, "std_duration": 1.7398745834117124}